Workbook

Sheet البيانات الشاملة للطقس
A1: مرصد رسكورا - سجل البيانات المناخية الشاملة (الأمطار، الرياح، الحرارة)
A3: السنة | B3: كمية الأمطار (mm) | C3: سرعة الرياح (km/h) | D3: درجة الحرارة العظمى (°C) | E3: هل حدث ضرر؟ | F3: قيمة الضرر (ريال) | G3: قيمة الممتلكات (ريال)
A4: 2017 | B4: 42 | C4: 28 | D4: 43 | E4: لا | F4: 0 | G4: 250000
A5: 2018 | B5: 68 | C5: 35 | D5: 41 | E5: لا | F5: 0 | G5: 250000
A6: 2019 | B6: 91 | C6: 52 | D6: 44 | E6: نعم | F6: 18000 | G6: 250000
A7: 2020 | B7: 90 | C7: 48 | D7: 45 | E7: نعم | F7: 12000 | G7: 250000
A8: 2021 | B8: 53 | C8: 30 | D8: 42 | E8: لا | F8: 0 | G8: 250000
A9: 2022 | B9: 110 | C9: 62 | D9: 46 | E9: نعم | F9: 35000 | G9: 250000
A10: 2023 | B10: 82 | C10: 45 | D10: 43 | E10: لا | F10: 0 | G10: 250000
A11: 2024 | B11: 125 | C11: 68 | D11: 47 | E11: نعم | F11: 47000 | G11: 250000
A12: 2025 | B12: 61 | C12: 38 | D12: 44 | E12: لا | F12: 0 | G12: 250000
A14: تنبيه مهم: | B14: البيانات للفترة 2017–2025 تجريبية لأغراض اختبار النموذج، وليست سجلات مناخية رسمية أو بيانات موثقة لمنطقة محددة.
A15: طريقة الاستخدام: | B15: استخدمي هذه البيانات لاختبار الحسابات ومقارنة حدود التعويض فقط، مع توضيح أنها بيانات تجريبية.

Sheet الحسابات والمؤشرات
A1: المؤشرات الإحصائية والمناخية الرئيسية
A2: المؤشر | B2: القيمة
A3: عدد السنوات المسجلة | B3: =COUNT('البيانات الشاملة للطقس'!A4:A100)
A4: عدد سنوات حدوث الضرر | B4: =COUNTIF('البيانات الشاملة للطقس'!E4:E100,"نعم")
A5: احتمال حدوث الضرر | B5: =IFERROR(B3/B2,0)
A6: متوسط كمية الأمطار السنوية | B6: =IFERROR(AVERAGE('البيانات الشاملة للطقس'!B4:B100),0)
A7: متوسط سرعة الرياح | B7: =IFERROR(AVERAGE('البيانات الشاملة للطقس'!C4:C100),0)
A8: متوسط درجة الحرارة العظمى | B8: =IFERROR(AVERAGE('البيانات الشاملة للطقس'!D4:D100),0)
A9: متوسط قيمة الضرر عند حدوثه | B9: =IFERROR(AVERAGEIF('البيانات الشاملة للطقس'!E4:E100,"نعم",'البيانات الشاملة للطقس'!F4:F100),0)
A10: الخسارة السنوية المتوقعة | B10: =B4*B8
A11: متوسط قيمة الممتلكات | B11: =IFERROR(AVERAGE('البيانات الشاملة للطقس'!G4:G100),0)
A12: معدل الخسارة المتوقعة من قيمة الممتلكات | B12: =IFERROR(B9/B10,0)

Sheet تحليل نقطة التعويض
A1: تحليل نقاط التعويض البارامتري (لكمية الأمطار)
A3: نقطة التعويض (الأمطار mm) | B3: عدد مرات التجاوز | C3: احتمال التجاوز | D3: متوسط الضرر عند الحدوث | E3: الخسارة المتوقعة عند الحد | F3: مؤشر العدالة | G3: مؤشر التوازن | H3: التقييم النهائي
A4: 60 | B4: =COUNTIF('البيانات الشاملة للطقس'!B4:B100,">="&A4) | C4: =IFERROR(B4/COUNTA('البيانات الشاملة للطقس'!A4:A100),0) | D4: =IFERROR(AVERAGEIF('البيانات الشاملة للطقس'!B4:B100,">="&A4,'البيانات الشاملة للطقس'!F4:F100),0) | E4: =C4*D4 | F4: =IFERROR(100-ABS(C4-0.5)*200,0) | G4: =IFERROR(F4*(1-E4/MAX($E$4:$E$12)),0) | H4: =IFERROR((F4+G4)/2,0)
A5: 65 | B5: =COUNTIF('البيانات الشاملة للطقس'!B4:B100,">="&A5) | C5: =IFERROR(B5/COUNTA('البيانات الشاملة للطقس'!A4:A100),0) | D5: =IFERROR(AVERAGEIF('البيانات الشاملة للطقس'!B4:B100,">="&A5,'البيانات الشاملة للطقس'!F4:F100),0) | E5: =C5*D5 | F5: =IFERROR(100-ABS(C5-0.5)*200,0) | G5: =IFERROR(F5*(1-E5/MAX($E$4:$E$12)),0) | H5: =IFERROR((F5+G5)/2,0)
A6: 70 | B6: =COUNTIF('البيانات الشاملة للطقس'!B4:B100,">="&A6) | C6: =IFERROR(B6/COUNTA('البيانات الشاملة للطقس'!A4:A100),0) | D6: =IFERROR(AVERAGEIF('البيانات الشاملة للطقس'!B4:B100,">="&A6,'البيانات الشاملة للطقس'!F4:F100),0) | E6: =C6*D6 | F6: =IFERROR(100-ABS(C6-0.5)*200,0) | G6: =IFERROR(F6*(1-E6/MAX($E$4:$E$12)),0) | H6: =IFERROR((F6+G6)/2,0)
A7: 75 | B7: =COUNTIF('البيانات الشاملة للطقس'!B4:B100,">="&A7) | C7: =IFERROR(B7/COUNTA('البيانات الشاملة للطقس'!A4:A100),0) | D7: =IFERROR(AVERAGEIF('البيانات الشاملة للطقس'!B4:B100,">="&A7,'البيانات الشاملة للطقس'!F4:F100),0) | E7: =C7*D7 | F7: =IFERROR(100-ABS(C7-0.5)*200,0) | G7: =IFERROR(F7*(1-E7/MAX($E$4:$E$12)),0) | H7: =IFERROR((F7+G7)/2,0)
A8: 80 | B8: =COUNTIF('البيانات الشاملة للطقس'!B4:B100,">="&A8) | C8: =IFERROR(B8/COUNTA('البيانات الشاملة للطقس'!A4:A100),0) | D8: =IFERROR(AVERAGEIF('البيانات الشاملة للطقس'!B4:B100,">="&A8,'البيانات الشاملة للطقس'!F4:F100),0) | E8: =C8*D8 | F8: =IFERROR(100-ABS(C8-0.5)*200,0) | G8: =IFERROR(F8*(1-E8/MAX($E$4:$E$12)),0) | H8: =IFERROR((F8+G8)/2,0)
A9: 85 | B9: =COUNTIF('البيانات الشاملة للطقس'!B4:B100,">="&A9) | C9: =IFERROR(B9/COUNTA('البيانات الشاملة للطقس'!A4:A100),0) | D9: =IFERROR(AVERAGEIF('البيانات الشاملة للطقس'!B4:B100,">="&A9,'البيانات الشاملة للطقس'!F4:F100),0) | E9: =C9*D9 | F9: =IFERROR(100-ABS(C9-0.5)*200,0) | G9: =IFERROR(F9*(1-E9/MAX($E$4:$E$12)),0) | H9: =IFERROR((F9+G9)/2,0)
A10: 90 | B10: =COUNTIF('البيانات الشاملة للطقس'!B4:B100,">="&A10) | C10: =IFERROR(B10/COUNTA('البيانات الشاملة للطقس'!A4:A100),0) | D10: =IFERROR(AVERAGEIF('البيانات الشاملة للطقس'!B4:B100,">="&A10,'البيانات الشاملة للطقس'!F4:F100),0) | E10: =C10*D10 | F10: =IFERROR(100-ABS(C10-0.5)*200,0) | G10: =IFERROR(F10*(1-E10/MAX($E$4:$E$12)),0) | H10: =IFERROR((F10+G10)/2,0)
A11: 95 | B11: =COUNTIF('البيانات الشاملة للطقس'!B4:B100,">="&A11) | C11: =IFERROR(B11/COUNTA('البيانات الشاملة للطقس'!A4:A100),0) | D11: =IFERROR(AVERAGEIF('البيانات الشاملة للطقس'!B4:B100,">="&A11,'البيانات الشاملة للطقس'!F4:F100),0) | E11: =C11*D11 | F11: =IFERROR(100-ABS(C11-0.5)*200,0) | G11: =IFERROR(F11*(1-E11/MAX($E$4:$E$12)),0) | H11: =IFERROR((F11+G11)/2,0)
A12: 100 | B12: =COUNTIF('البيانات الشاملة للطقس'!B4:B100,">="&A12) | C12: =IFERROR(B12/COUNTA('البيانات الشاملة للطقس'!A4:A100),0) | D12: =IFERROR(AVERAGEIF('البيانات الشاملة للطقس'!B4:B100,">="&A12,'البيانات الشاملة للطقس'!F4:F100),0) | E12: =C12*D12 | F12: =IFERROR(100-ABS(C12-0.5)*200,0) | G12: =IFERROR(F12*(1-E12/MAX($E$4:$E$12)),0) | H12: =IFERROR((F12+G12)/2,0)
A14: أفضل نقطة تعويض للأمطار | B14: =INDEX(A4:A12,MATCH(MAX(H4:H12),H4:H12,0))
A15: أعلى تقييم للتوازن | B15: =MAX(H4:H12)

Sheet النتائج والملخص
A1: مرصد رسكورا — ملخص نتائج التأمين البارامتري وحاسبة السيناريو
A3: المؤشر المناخي / المالي | B3: القيمة
A4: احتمال حدوث الضرر | B4: ='الحسابات والمؤشرات'!B4
A5: متوسط كمية الأمطار | B5: ='الحسابات والمؤشرات'!B5
A6: متوسط سرعة الرياح | B6: ='الحسابات والمؤشرات'!B6
A7: متوسط درجة الحرارة العظمى | B7: ='الحسابات والمؤشرات'!B7
A8: متوسط الضرر عند حدوثه | B8: ='الحسابات والمؤشرات'!B8
A9: الخسارة السنوية المتوقعة | B9: ='الحسابات والمؤشرات'!B9
A10: متوسط قيمة الممتلكات | B10: ='الحسابات والمؤشرات'!B10
A11: معدل الخسارة المتوقعة | B11: ='الحسابات والمؤشرات'!B11
A13: ⚙️ حاسبة سيناريو الطقس التجريبية
A14: كمية الأمطار المسجلة (mm) | B14: 75
A15: سرعة الرياح المسجلة (km/h) | B15: 50
A16: درجة الحرارة العظمى (°C) | B16: 44
A17: قيمة الممتلكات المؤمن عليها (ريال) | B17: 250000
A18: نسبة التعويض عند تفعيل الحد البارامتري | B18: 0.15
A19: هل تم تجاوز حد الأمطار (75mm) أو الرياح (50km/h)؟ | B19: =IF(OR(B14>=75, B15>=50), "نعم - يستحق تعويض", "لا - طبيعي")
A20: قيمة التعويض المستحق (ريال) | B20: =IF(OR(B14>=75, B15>=50), B17*B18, 0)
